{
    "CART": {
        "Accuracy": 0.9285714285714286,
        "Recall": 0.9305555555555556,
        "Precision": 0.8701298701298701,
        "F1 Score": 0.8993288590604027,
        "Classification Report": {
            "0": {
                "precision": 0.9624060150375939,
                "recall": 0.927536231884058,
                "f1-score": 0.9446494464944649,
                "support": 138.0
            },
            "1": {
                "precision": 0.8701298701298701,
                "recall": 0.9305555555555556,
                "f1-score": 0.8993288590604027,
                "support": 72.0
            },
            "accuracy": 0.9285714285714286,
            "macro avg": {
                "precision": 0.916267942583732,
                "recall": 0.9290458937198067,
                "f1-score": 0.9219891527774338,
                "support": 210.0
            },
            "weighted avg": {
                "precision": 0.9307684796406601,
                "recall": 0.9285714285714286,
                "f1-score": 0.929110959374215,
                "support": 210.0
            }
        }
    },
    "C4.5": {
        "Accuracy": 0.9333333333333333,
        "Recall": 0.9305555555555556,
        "Precision": 0.881578947368421,
        "F1 Score": 0.9054054054054054,
        "Classification Report": {
            "0": {
                "precision": 0.9626865671641791,
                "recall": 0.9347826086956522,
                "f1-score": 0.9485294117647058,
                "support": 138.0
            },
            "1": {
                "precision": 0.881578947368421,
                "recall": 0.9305555555555556,
                "f1-score": 0.9054054054054054,
                "support": 72.0
            },
            "accuracy": 0.9333333333333333,
            "macro avg": {
                "precision": 0.9221327572663001,
                "recall": 0.9326690821256038,
                "f1-score": 0.9269674085850557,
                "support": 210.0
            },
            "weighted avg": {
                "precision": 0.9348782403770621,
                "recall": 0.9333333333333333,
                "f1-score": 0.9337440381558029,
                "support": 210.0
            }
        }
    },
    "AdaBoost": {
        "Accuracy": 0.9476190476190476,
        "Recall": 0.9166666666666666,
        "Precision": 0.9295774647887324,
        "F1 Score": 0.9230769230769231,
        "Classification Report": {
            "0": {
                "precision": 0.9568345323741008,
                "recall": 0.9637681159420289,
                "f1-score": 0.9602888086642599,
                "support": 138.0
            },
            "1": {
                "precision": 0.9295774647887324,
                "recall": 0.9166666666666666,
                "f1-score": 0.9230769230769231,
                "support": 72.0
            },
            "accuracy": 0.9476190476190476,
            "macro avg": {
                "precision": 0.9432059985814165,
                "recall": 0.9402173913043478,
                "f1-score": 0.9416828658705916,
                "support": 210.0
            },
            "weighted avg": {
                "precision": 0.9474892520591173,
                "recall": 0.9476190476190476,
                "f1-score": 0.9475304478914587,
                "support": 210.0
            }
        }
    },
    "XGBoost": {
        "Accuracy": 0.9523809523809523,
        "Recall": 0.9583333333333334,
        "Precision": 0.9078947368421053,
        "F1 Score": 0.9324324324324325,
        "Classification Report": {
            "0": {
                "precision": 0.9776119402985075,
                "recall": 0.9492753623188406,
                "f1-score": 0.9632352941176471,
                "support": 138.0
            },
            "1": {
                "precision": 0.9078947368421053,
                "recall": 0.9583333333333334,
                "f1-score": 0.9324324324324325,
                "support": 72.0
            },
            "accuracy": 0.9523809523809523,
            "macro avg": {
                "precision": 0.9427533385703064,
                "recall": 0.9538043478260869,
                "f1-score": 0.9478338632750398,
                "support": 210.0
            },
            "weighted avg": {
                "precision": 0.9537088991134554,
                "recall": 0.9523809523809523,
                "f1-score": 0.9526743129684306,
                "support": 210.0
            }
        }
    },
    "RandomForest": {
        "Accuracy": 0.9619047619047619,
        "Recall": 0.9583333333333334,
        "Precision": 0.9324324324324325,
        "F1 Score": 0.9452054794520548,
        "Classification Report": {
            "0": {
                "precision": 0.9779411764705882,
                "recall": 0.9637681159420289,
                "f1-score": 0.9708029197080292,
                "support": 138.0
            },
            "1": {
                "precision": 0.9324324324324325,
                "recall": 0.9583333333333334,
                "f1-score": 0.9452054794520548,
                "support": 72.0
            },
            "accuracy": 0.9619047619047619,
            "macro avg": {
                "precision": 0.9551868044515104,
                "recall": 0.9610507246376812,
                "f1-score": 0.958004199580042,
                "support": 210.0
            },
            "weighted avg": {
                "precision": 0.962338178514649,
                "recall": 0.9619047619047619,
                "f1-score": 0.9620266544774094,
                "support": 210.0
            }
        }
    },
    "LightGBM": {
        "Accuracy": 0.9476190476190476,
        "Recall": 0.9305555555555556,
        "Precision": 0.9178082191780822,
        "F1 Score": 0.9241379310344827,
        "Classification Report": {
            "0": {
                "precision": 0.9635036496350365,
                "recall": 0.9565217391304348,
                "f1-score": 0.96,
                "support": 138.0
            },
            "1": {
                "precision": 0.9178082191780822,
                "recall": 0.9305555555555556,
                "f1-score": 0.9241379310344827,
                "support": 72.0
            },
            "accuracy": 0.9476190476190476,
            "macro avg": {
                "precision": 0.9406559344065594,
                "recall": 0.9435386473429952,
                "f1-score": 0.9420689655172414,
                "support": 210.0
            },
            "weighted avg": {
                "precision": 0.9478366449069379,
                "recall": 0.9476190476190476,
                "f1-score": 0.9477044334975369,
                "support": 210.0
            }
        }
    },
    "ExtraTrees": {
        "Accuracy": 0.9619047619047619,
        "Recall": 0.9722222222222222,
        "Precision": 0.9210526315789473,
        "F1 Score": 0.9459459459459459,
        "Classification Report": {
            "0": {
                "precision": 0.9850746268656716,
                "recall": 0.9565217391304348,
                "f1-score": 0.9705882352941176,
                "support": 138.0
            },
            "1": {
                "precision": 0.9210526315789473,
                "recall": 0.9722222222222222,
                "f1-score": 0.9459459459459459,
                "support": 72.0
            },
            "accuracy": 0.9619047619047619,
            "macro avg": {
                "precision": 0.9530636292223095,
                "recall": 0.9643719806763285,
                "f1-score": 0.9582670906200318,
                "support": 210.0
            },
            "weighted avg": {
                "precision": 0.9631242284816519,
                "recall": 0.9619047619047619,
                "f1-score": 0.9621394503747446,
                "support": 210.0
            }
        }
    },
    "GradientBoosting": {
        "Accuracy": 0.9619047619047619,
        "Recall": 0.9583333333333334,