{
    "KNN_k=2": {
        "Accuracy": 0.9428571428571428,
        "Recall": 0.8888888888888888,
        "Precision": 0.9411764705882353,
        "F1 Score": 0.9142857142857143,
        "Classification Report": {
            "0": {
                "precision": 0.9436619718309859,
                "recall": 0.9710144927536232,
                "f1-score": 0.9571428571428572,
                "support": 138.0
            },
            "1": {
                "precision": 0.9411764705882353,
                "recall": 0.8888888888888888,
                "f1-score": 0.9142857142857143,
                "support": 72.0
            },
            "accuracy": 0.9428571428571428,
            "macro avg": {
                "precision": 0.9424192212096105,
                "recall": 0.929951690821256,
                "f1-score": 0.9357142857142857,
                "support": 210.0
            },
            "weighted avg": {
                "precision": 0.9428097999763286,
                "recall": 0.9428571428571428,
                "f1-score": 0.9424489795918367,
                "support": 210.0
            }
        }
    },
    "KNN_k=3": {
        "Accuracy": 0.9619047619047619,
        "Recall": 0.9583333333333334,
        "Precision": 0.9324324324324325,
        "F1 Score": 0.9452054794520548,
        "Classification Report": {
            "0": {
                "precision": 0.9779411764705882,
                "recall": 0.9637681159420289,
                "f1-score": 0.9708029197080292,
                "support": 138.0
            },
            "1": {
                "precision": 0.9324324324324325,
                "recall": 0.9583333333333334,
                "f1-score": 0.9452054794520548,
                "support": 72.0
            },
            "accuracy": 0.9619047619047619,
            "macro avg": {
                "precision": 0.9551868044515104,
                "recall": 0.9610507246376812,
                "f1-score": 0.958004199580042,
                "support": 210.0
            },
            "weighted avg": {
                "precision": 0.962338178514649,
                "recall": 0.9619047619047619,
                "f1-score": 0.9620266544774094,
                "support": 210.0
            }
        }
    },
    "KNN_k=4": {
        "Accuracy": 0.9476190476190476,
        "Recall": 0.9166666666666666,
        "Precision": 0.9295774647887324,
        "F1 Score": 0.9230769230769231,
        "Classification Report": {
            "0": {
                "precision": 0.9568345323741008,
                "recall": 0.9637681159420289,
                "f1-score": 0.9602888086642599,
                "support": 138.0
            },
            "1": {
                "precision": 0.9295774647887324,
                "recall": 0.9166666666666666,
                "f1-score": 0.9230769230769231,
                "support": 72.0
            },
            "accuracy": 0.9476190476190476,
            "macro avg": {
                "precision": 0.9432059985814165,
                "recall": 0.9402173913043478,
                "f1-score": 0.9416828658705916,
                "support": 210.0
            },
            "weighted avg": {
                "precision": 0.9474892520591173,
                "recall": 0.9476190476190476,
                "f1-score": 0.9475304478914587,
                "support": 210.0
            }
        }
    },
    "KNN_k=5": {
        "Accuracy": 0.9523809523809523,
        "Recall": 0.9305555555555556,
        "Precision": 0.9305555555555556,
        "F1 Score": 0.9305555555555556,
        "Classification Report": {
            "0": {
                "precision": 0.9637681159420289,
                "recall": 0.9637681159420289,
                "f1-score": 0.9637681159420289,
                "support": 138.0
            },
            "1": {
                "precision": 0.9305555555555556,
                "recall": 0.9305555555555556,
                "f1-score": 0.9305555555555556,
                "support": 72.0
            },
            "accuracy": 0.9523809523809523,
            "macro avg": {
                "precision": 0.9471618357487923,
                "recall": 0.9471618357487923,
                "f1-score": 0.9471618357487923,
                "support": 210.0
            },
            "weighted avg": {
                "precision": 0.9523809523809523,
                "recall": 0.9523809523809523,
                "f1-score": 0.9523809523809523,
                "support": 210.0
            }
        }
    },
    "KNN_k=6": {
        "Accuracy": 0.9476190476190476,
        "Recall": 0.9166666666666666,
        "Precision": 0.9295774647887324,
        "F1 Score": 0.9230769230769231,
        "Classification Report": {
            "0": {
                "precision": 0.9568345323741008,
                "recall": 0.9637681159420289,
                "f1-score": 0.9602888086642599,
                "support": 138.0
            },
            "1": {
                "precision": 0.9295774647887324,
                "recall": 0.9166666666666666,
                "f1-score": 0.9230769230769231,
                "support": 72.0
            },
            "accuracy": 0.9476190476190476,
            "macro avg": {
                "precision": 0.9432059985814165,
                "recall": 0.9402173913043478,
                "f1-score": 0.9416828658705916,
                "support": 210.0
            },
            "weighted avg": {
                "precision": 0.9474892520591173,
                "recall": 0.9476190476190476,
                "f1-score": 0.9475304478914587,
                "support": 210.0
            }
        }
    },
    "KNN_k=7": {
        "Accuracy": 0.9523809523809523,
        "Recall": 0.9305555555555556,
        "Precision": 0.9305555555555556,
        "F1 Score": 0.9305555555555556,
        "Classification Report": {
            "0": {
                "precision": 0.9637681159420289,
                "recall": 0.9637681159420289,
                "f1-score": 0.9637681159420289,
                "support": 138.0
            },
            "1": {
                "precision": 0.9305555555555556,
                "recall": 0.9305555555555556,
                "f1-score": 0.9305555555555556,
                "support": 72.0
            },
            "accuracy": 0.9523809523809523,
            "macro avg": {
                "precision": 0.9471618357487923,
                "recall": 0.9471618357487923,
                "f1-score": 0.9471618357487923,
                "support": 210.0
            },
            "weighted avg": {
                "precision": 0.9523809523809523,
                "recall": 0.9523809523809523,
                "f1-score": 0.9523809523809523,
                "support": 210.0
            }
        }
    },
    "KNN_k=8": {
        "Accuracy": 0.9476190476190476,
        "Recall": 0.9166666666666666,
        "Precision": 0.9295774647887324,
        "F1 Score": 0.9230769230769231,
        "Classification Report": {
            "0": {
                "precision": 0.9568345323741008,
                "recall": 0.9637681159420289,
                "f1-score": 0.9602888086642599,
                "support": 138.0
            },
            "1": {
                "precision": 0.9295774647887324,
                "recall": 0.9166666666666666,
                "f1-score": 0.9230769230769231,
                "support": 72.0
            },
            "accuracy": 0.9476190476190476,
            "macro avg": {
                "precision": 0.9432059985814165,
                "recall": 0.9402173913043478,
                "f1-score": 0.9416828658705916,
                "support": 210.0
            },
            "weighted avg": {
                "precision": 0.9474892520591173,
                "recall": 0.9476190476190476,
                "f1-score": 0.9475304478914587,
                "support": 210.0
            }
        }
    },
    "KNN_k=9": {
        "Accuracy": 0.9476190476190476,
        "Recall": 0.9166666666666666,