{
    "XGBoost": {
        "cv_mean": {
            "accuracy": 0.9611403324216283,
            "precision": 0.9372132034632035,
            "recall": 0.9527629233511586,
            "f1": 0.9443017152586952,
            "roc_auc": 0.9838458110516936
        },
        "test_metrics": {
            "accuracy": 0.9523809523809523,
            "recall": 0.9444444444444444,
            "precision": 0.918918918918919,
            "f1": 0.9315068493150684,
            "roc_auc": 0.9867652979066023
        }
    },
    "RandomForest": {
        "cv_mean": {
            "accuracy": 0.9549968440984641,
            "precision": 0.9269894894894893,
            "recall": 0.9468805704099822,
            "f1": 0.9357517436635625,
            "roc_auc": 0.9861672794117649
        },
        "test_metrics": {
            "accuracy": 0.9523809523809523,
            "recall": 0.9583333333333334,
            "precision": 0.9078947368421053,
            "f1": 0.9324324324324325,
            "roc_auc": 0.9890297906602254
        }
    },
    "BalancedRF": {
        "cv_mean": {
            "accuracy": 0.9549968440984641,
            "precision": 0.9267026929526928,
            "recall": 0.9468805704099822,
            "f1": 0.9358535497095606,
            "roc_auc": 0.9875445632798574
        },
        "test_metrics": {
            "accuracy": 0.9476190476190476,
            "recall": 0.9444444444444444,
            "precision": 0.9066666666666666,
            "f1": 0.9251700680272109,
            "roc_auc": 0.9858091787439613
        }
    },
    "Stacking": {
        "cv_mean": {
            "accuracy": 0.963181148748159,
            "precision": 0.9283608514529567,
            "recall": 0.970409982174688,
            "f1": 0.9480981603797785,
            "roc_auc": 0.9823766154188949
        },
        "test_metrics": {
            "accuracy": 0.9571428571428572,
            "recall": 0.9583333333333334,
            "precision": 0.92,
            "f1": 0.9387755102040817,
            "roc_auc": 0.985054347826087
        }
    },
    "Voting": {
        "cv_mean": {
            "accuracy": 0.9590995160950978,
            "precision": 0.9278722835959679,
            "recall": 0.9586452762923351,
            "f1": 0.9419632399624733,
            "roc_auc": 0.9865349264705883
        },
        "test_metrics": {
            "accuracy": 0.9428571428571428,
            "recall": 0.9444444444444444,
            "precision": 0.8947368421052632,
            "f1": 0.918918918918919,
            "roc_auc": 0.9889291465378423
        }
    }
}