{
    "KNN_k=2": {
        "Accuracy": 0.9380952380952381,
        "Recall": 0.875,
        "Precision": 0.9402985074626866,
        "F1 Score": 0.9064748201438849,
        "Classification Report": {
            "0": {
                "precision": 0.9370629370629371,
                "recall": 0.9710144927536232,
                "f1-score": 0.9537366548042705,
                "support": 138.0
            },
            "1": {
                "precision": 0.9402985074626866,
                "recall": 0.875,
                "f1-score": 0.9064748201438849,
                "support": 72.0
            },
            "accuracy": 0.9380952380952381,
            "macro avg": {
                "precision": 0.9386807222628119,
                "recall": 0.9230072463768115,
                "f1-score": 0.9301057374740778,
                "support": 210.0
            },
            "weighted avg": {
                "precision": 0.9381722754857084,
                "recall": 0.9380952380952381,
                "f1-score": 0.9375325972064241,
                "support": 210.0
            }
        }
    },
    "KNN_k=3": {
        "Accuracy": 0.9571428571428572,
        "Recall": 0.9444444444444444,
        "Precision": 0.9315068493150684,
        "F1 Score": 0.9379310344827586,
        "Classification Report": {
            "0": {
                "precision": 0.9708029197080292,
                "recall": 0.9637681159420289,
                "f1-score": 0.9672727272727273,
                "support": 138.0
            },
            "1": {
                "precision": 0.9315068493150684,
                "recall": 0.9444444444444444,
                "f1-score": 0.9379310344827586,
                "support": 72.0
            },
            "accuracy": 0.9571428571428572,
            "macro avg": {
                "precision": 0.9511548845115488,
                "recall": 0.9541062801932367,
                "f1-score": 0.952601880877743,
                "support": 210.0
            },
            "weighted avg": {
                "precision": 0.9573299812875855,
                "recall": 0.9571428571428572,
                "f1-score": 0.9572127183161667,
                "support": 210.0
            }
        }
    },
    "KNN_k=4": {
        "Accuracy": 0.9476190476190476,
        "Recall": 0.9166666666666666,
        "Precision": 0.9295774647887324,
        "F1 Score": 0.9230769230769231,
        "Classification Report": {
            "0": {
                "precision": 0.9568345323741008,
                "recall": 0.9637681159420289,
                "f1-score": 0.9602888086642599,
                "support": 138.0
            },
            "1": {
                "precision": 0.9295774647887324,
                "recall": 0.9166666666666666,
                "f1-score": 0.9230769230769231,
                "support": 72.0
            },
            "accuracy": 0.9476190476190476,
            "macro avg": {
                "precision": 0.9432059985814165,
                "recall": 0.9402173913043478,
                "f1-score": 0.9416828658705916,
                "support": 210.0
            },
            "weighted avg": {
                "precision": 0.9474892520591173,
                "recall": 0.9476190476190476,
                "f1-score": 0.9475304478914587,
                "support": 210.0
            }
        }
    },
    "KNN_k=5": {
        "Accuracy": 0.9523809523809523,
        "Recall": 0.9305555555555556,
        "Precision": 0.9305555555555556,
        "F1 Score": 0.9305555555555556,
        "Classification Report": {
            "0": {
                "precision": 0.9637681159420289,
                "recall": 0.9637681159420289,
                "f1-score": 0.9637681159420289,
                "support": 138.0
            },
            "1": {
                "precision": 0.9305555555555556,
                "recall": 0.9305555555555556,
                "f1-score": 0.9305555555555556,
                "support": 72.0
            },
            "accuracy": 0.9523809523809523,
            "macro avg": {
                "precision": 0.9471618357487923,
                "recall": 0.9471618357487923,
                "f1-score": 0.9471618357487923,
                "support": 210.0
            },
            "weighted avg": {
                "precision": 0.9523809523809523,
                "recall": 0.9523809523809523,
                "f1-score": 0.9523809523809523,
                "support": 210.0
            }
        }
    },
    "KNN_k=6": {
        "Accuracy": 0.9476190476190476,
        "Recall": 0.9166666666666666,
        "Precision": 0.9295774647887324,
        "F1 Score": 0.9230769230769231,
        "Classification Report": {
            "0": {
                "precision": 0.9568345323741008,
                "recall": 0.9637681159420289,
                "f1-score": 0.9602888086642599,
                "support": 138.0
            },
            "1": {
                "precision": 0.9295774647887324,
                "recall": 0.9166666666666666,
                "f1-score": 0.9230769230769231,
                "support": 72.0
            },
            "accuracy": 0.9476190476190476,
            "macro avg": {
                "precision": 0.9432059985814165,
                "recall": 0.9402173913043478,
                "f1-score": 0.9416828658705916,
                "support": 210.0
            },
            "weighted avg": {
                "precision": 0.9474892520591173,
                "recall": 0.9476190476190476,
                "f1-score": 0.9475304478914587,
                "support": 210.0
            }
        }
    },
    "KNN_k=7": {
        "Accuracy": 0.9523809523809523,
        "Recall": 0.9305555555555556,
        "Precision": 0.9305555555555556,
        "F1 Score": 0.9305555555555556,
        "Classification Report": {
            "0": {
                "precision": 0.9637681159420289,
                "recall": 0.9637681159420289,
                "f1-score": 0.9637681159420289,
                "support": 138.0
            },
            "1": {
                "precision": 0.9305555555555556,
                "recall": 0.9305555555555556,
                "f1-score": 0.9305555555555556,
                "support": 72.0
            },
            "accuracy": 0.9523809523809523,
            "macro avg": {
                "precision": 0.9471618357487923,
                "recall": 0.9471618357487923,
                "f1-score": 0.9471618357487923,
                "support": 210.0
            },
            "weighted avg": {
                "precision": 0.9523809523809523,
                "recall": 0.9523809523809523,
                "f1-score": 0.9523809523809523,
                "support": 210.0
            }
        }
    },
    "KNN_k=8": {
        "Accuracy": 0.9476190476190476,
        "Recall": 0.9166666666666666,
        "Precision": 0.9295774647887324,
        "F1 Score": 0.9230769230769231,
        "Classification Report": {
            "0": {
                "precision": 0.9568345323741008,
                "recall": 0.9637681159420289,
                "f1-score": 0.9602888086642599,
                "support": 138.0
            },
            "1": {
                "precision": 0.9295774647887324,
                "recall": 0.9166666666666666,
                "f1-score": 0.9230769230769231,
                "support": 72.0
            },
            "accuracy": 0.9476190476190476,
            "macro avg": {
                "precision": 0.9432059985814165,
                "recall": 0.9402173913043478,
                "f1-score": 0.9416828658705916,
                "support": 210.0
            },
            "weighted avg": {
                "precision": 0.9474892520591173,
                "recall": 0.9476190476190476,
                "f1-score": 0.9475304478914587,
                "support": 210.0
            }
        }
    },
    "KNN_k=9": {
        "Accuracy": 0.9476190476190476,
        "Recall": 0.9166666666666666,