{
    "CART": {
        "Accuracy": 0.9476190476190476,
        "Recall": 0.8955223880597015,
        "Precision": 0.9375,
        "F1 Score": 0.916030534351145,
        "Classification Report": {
            "0": {
                "precision": 0.952054794520548,
                "recall": 0.972027972027972,
                "f1-score": 0.9619377162629758,
                "support": 143.0
            },
            "1": {
                "precision": 0.9375,
                "recall": 0.8955223880597015,
                "f1-score": 0.916030534351145,
                "support": 67.0
            },
            "accuracy": 0.9476190476190476,
            "macro avg": {
                "precision": 0.944777397260274,
                "recall": 0.9337751800438367,
                "f1-score": 0.9389841253070603,
                "support": 210.0
            },
            "weighted avg": {
                "precision": 0.9474111219830399,
                "recall": 0.9476190476190476,
                "f1-score": 0.9472911391768202,
                "support": 210.0
            }
        }
    },
    "C4.5": {
        "Accuracy": 0.9619047619047619,
        "Recall": 0.9104477611940298,
        "Precision": 0.9682539682539683,
        "F1 Score": 0.9384615384615385,
        "Classification Report": {
            "0": {
                "precision": 0.9591836734693877,
                "recall": 0.986013986013986,
                "f1-score": 0.9724137931034482,
                "support": 143.0
            },
            "1": {
                "precision": 0.9682539682539683,
                "recall": 0.9104477611940298,
                "f1-score": 0.9384615384615385,
                "support": 67.0
            },
            "accuracy": 0.9619047619047619,
            "macro avg": {
                "precision": 0.963718820861678,
                "recall": 0.9482308736040079,
                "f1-score": 0.9554376657824933,
                "support": 210.0
            },
            "weighted avg": {
                "precision": 0.9620775294244681,
                "recall": 0.9619047619047619,
                "f1-score": 0.9615814070986484,
                "support": 210.0
            }
        }
    },
    "AdaBoost": {
        "Accuracy": 0.9523809523809523,
        "Recall": 0.8955223880597015,
        "Precision": 0.9523809523809523,
        "F1 Score": 0.9230769230769231,
        "Classification Report": {
            "0": {
                "precision": 0.9523809523809523,
                "recall": 0.9790209790209791,
                "f1-score": 0.9655172413793104,
                "support": 143.0
            },
            "1": {
                "precision": 0.9523809523809523,
                "recall": 0.8955223880597015,
                "f1-score": 0.9230769230769231,
                "support": 67.0
            },
            "accuracy": 0.9523809523809523,
            "macro avg": {
                "precision": 0.9523809523809523,
                "recall": 0.9372716835403403,
                "f1-score": 0.9442970822281167,
                "support": 210.0
            },
            "weighted avg": {
                "precision": 0.9523809523809522,
                "recall": 0.9523809523809523,
                "f1-score": 0.9519767588733107,
                "support": 210.0
            }
        }
    },
    "XGBoost": {
        "Accuracy": 0.9714285714285714,
        "Recall": 0.9552238805970149,
        "Precision": 0.9552238805970149,
        "F1 Score": 0.9552238805970149,
        "Classification Report": {
            "0": {
                "precision": 0.9790209790209791,
                "recall": 0.9790209790209791,
                "f1-score": 0.9790209790209791,
                "support": 143.0
            },
            "1": {
                "precision": 0.9552238805970149,
                "recall": 0.9552238805970149,
                "f1-score": 0.9552238805970149,
                "support": 67.0
            },
            "accuracy": 0.9714285714285714,
            "macro avg": {
                "precision": 0.967122429808997,
                "recall": 0.967122429808997,
                "f1-score": 0.967122429808997,
                "support": 210.0
            },
            "weighted avg": {
                "precision": 0.9714285714285714,
                "recall": 0.9714285714285714,
                "f1-score": 0.9714285714285714,
                "support": 210.0
            }
        }
    },
    "RandomForest": {
        "Accuracy": 0.9666666666666667,
        "Recall": 0.9402985074626866,
        "Precision": 0.9545454545454546,
        "F1 Score": 0.9473684210526315,
        "Classification Report": {
            "0": {
                "precision": 0.9722222222222222,
                "recall": 0.9790209790209791,
                "f1-score": 0.975609756097561,
                "support": 143.0
            },
            "1": {
                "precision": 0.9545454545454546,
                "recall": 0.9402985074626866,
                "f1-score": 0.9473684210526315,
                "support": 67.0
            },
            "accuracy": 0.9666666666666667,
            "macro avg": {
                "precision": 0.9633838383838385,
                "recall": 0.9596597432418328,
                "f1-score": 0.9614890885750962,
                "support": 210.0
            },
            "weighted avg": {
                "precision": 0.9665824915824917,
                "recall": 0.9666666666666667,
                "f1-score": 0.96659942539275,
                "support": 210.0
            }
        }
    },
    "LightGBM": {
        "Accuracy": 0.9666666666666667,
        "Recall": 0.9402985074626866,
        "Precision": 0.9545454545454546,
        "F1 Score": 0.9473684210526315,
        "Classification Report": {
            "0": {
                "precision": 0.9722222222222222,
                "recall": 0.9790209790209791,
                "f1-score": 0.975609756097561,
                "support": 143.0
            },
            "1": {
                "precision": 0.9545454545454546,
                "recall": 0.9402985074626866,
                "f1-score": 0.9473684210526315,
                "support": 67.0
            },
            "accuracy": 0.9666666666666667,
            "macro avg": {
                "precision": 0.9633838383838385,
                "recall": 0.9596597432418328,
                "f1-score": 0.9614890885750962,
                "support": 210.0
            },
            "weighted avg": {
                "precision": 0.9665824915824917,
                "recall": 0.9666666666666667,
                "f1-score": 0.96659942539275,
                "support": 210.0
            }
        }
    },
    "ExtraTrees": {
        "Accuracy": 0.9809523809523809,
        "Recall": 0.9850746268656716,
        "Precision": 0.9565217391304348,
        "F1 Score": 0.9705882352941176,
        "Classification Report": {
            "0": {
                "precision": 0.9929078014184397,
                "recall": 0.9790209790209791,
                "f1-score": 0.9859154929577465,
                "support": 143.0
            },
            "1": {
                "precision": 0.9565217391304348,
                "recall": 0.9850746268656716,
                "f1-score": 0.9705882352941176,
                "support": 67.0
            },
            "accuracy": 0.9809523809523809,
            "macro avg": {
                "precision": 0.9747147702744372,
                "recall": 0.9820478029433253,
                "f1-score": 0.9782518641259321,
                "support": 210.0
            },
            "weighted avg": {
                "precision": 0.9812989148789334,
                "recall": 0.9809523809523809,
                "f1-score": 0.9810253678936364,
                "support": 210.0
            }
        }
    },
    "GradientBoosting": {
        "Accuracy": 0.9523809523809523,
        "Recall": 0.9104477611940298,