{
    "KNN_k=2": {
        "Accuracy": 0.9476190476190476,
        "Recall": 0.9305555555555556,
        "Precision": 0.9178082191780822,
        "F1 Score": 0.9241379310344827,
        "Classification Report": {
            "0": {
                "precision": 0.9635036496350365,
                "recall": 0.9565217391304348,
                "f1-score": 0.96,
                "support": 138.0
            },
            "1": {
                "precision": 0.9178082191780822,
                "recall": 0.9305555555555556,
                "f1-score": 0.9241379310344827,
                "support": 72.0
            },
            "accuracy": 0.9476190476190476,
            "macro avg": {
                "precision": 0.9406559344065594,
                "recall": 0.9435386473429952,
                "f1-score": 0.9420689655172414,
                "support": 210.0
            },
            "weighted avg": {
                "precision": 0.9478366449069379,
                "recall": 0.9476190476190476,
                "f1-score": 0.9477044334975369,
                "support": 210.0
            }
        }
    },
    "KNN_k=3": {
        "Accuracy": 0.9619047619047619,
        "Recall": 0.9722222222222222,
        "Precision": 0.9210526315789473,
        "F1 Score": 0.9459459459459459,
        "Classification Report": {
            "0": {
                "precision": 0.9850746268656716,
                "recall": 0.9565217391304348,
                "f1-score": 0.9705882352941176,
                "support": 138.0
            },
            "1": {
                "precision": 0.9210526315789473,
                "recall": 0.9722222222222222,
                "f1-score": 0.9459459459459459,
                "support": 72.0
            },
            "accuracy": 0.9619047619047619,
            "macro avg": {
                "precision": 0.9530636292223095,
                "recall": 0.9643719806763285,
                "f1-score": 0.9582670906200318,
                "support": 210.0
            },
            "weighted avg": {
                "precision": 0.9631242284816519,
                "recall": 0.9619047619047619,
                "f1-score": 0.9621394503747446,
                "support": 210.0
            }
        }
    },
    "KNN_k=4": {
        "Accuracy": 0.9666666666666667,
        "Recall": 0.9722222222222222,
        "Precision": 0.9333333333333333,
        "F1 Score": 0.9523809523809523,
        "Classification Report": {
            "0": {
                "precision": 0.9851851851851852,
                "recall": 0.9637681159420289,
                "f1-score": 0.9743589743589743,
                "support": 138.0
            },
            "1": {
                "precision": 0.9333333333333333,
                "recall": 0.9722222222222222,
                "f1-score": 0.9523809523809523,
                "support": 72.0
            },
            "accuracy": 0.9666666666666667,
            "macro avg": {
                "precision": 0.9592592592592593,
                "recall": 0.9679951690821256,
                "f1-score": 0.9633699633699633,
                "support": 210.0
            },
            "weighted avg": {
                "precision": 0.9674074074074075,
                "recall": 0.9666666666666667,
                "f1-score": 0.9668236525379381,
                "support": 210.0
            }
        }
    },
    "KNN_k=5": {
        "Accuracy": 0.9619047619047619,
        "Recall": 0.9722222222222222,
        "Precision": 0.9210526315789473,
        "F1 Score": 0.9459459459459459,
        "Classification Report": {
            "0": {
                "precision": 0.9850746268656716,
                "recall": 0.9565217391304348,
                "f1-score": 0.9705882352941176,
                "support": 138.0
            },
            "1": {
                "precision": 0.9210526315789473,
                "recall": 0.9722222222222222,
                "f1-score": 0.9459459459459459,
                "support": 72.0
            },
            "accuracy": 0.9619047619047619,
            "macro avg": {
                "precision": 0.9530636292223095,
                "recall": 0.9643719806763285,
                "f1-score": 0.9582670906200318,
                "support": 210.0
            },
            "weighted avg": {
                "precision": 0.9631242284816519,
                "recall": 0.9619047619047619,
                "f1-score": 0.9621394503747446,
                "support": 210.0
            }
        }
    },
    "KNN_k=6": {
        "Accuracy": 0.9619047619047619,
        "Recall": 0.9722222222222222,
        "Precision": 0.9210526315789473,
        "F1 Score": 0.9459459459459459,
        "Classification Report": {
            "0": {
                "precision": 0.9850746268656716,
                "recall": 0.9565217391304348,
                "f1-score": 0.9705882352941176,
                "support": 138.0
            },
            "1": {
                "precision": 0.9210526315789473,
                "recall": 0.9722222222222222,
                "f1-score": 0.9459459459459459,
                "support": 72.0
            },
            "accuracy": 0.9619047619047619,
            "macro avg": {
                "precision": 0.9530636292223095,
                "recall": 0.9643719806763285,
                "f1-score": 0.9582670906200318,
                "support": 210.0
            },
            "weighted avg": {
                "precision": 0.9631242284816519,
                "recall": 0.9619047619047619,
                "f1-score": 0.9621394503747446,
                "support": 210.0
            }
        }
    },
    "KNN_k=7": {
        "Accuracy": 0.9571428571428572,
        "Recall": 0.9722222222222222,
        "Precision": 0.9090909090909091,
        "F1 Score": 0.9395973154362416,
        "Classification Report": {
            "0": {
                "precision": 0.9849624060150376,
                "recall": 0.9492753623188406,
                "f1-score": 0.966789667896679,
                "support": 138.0
            },
            "1": {
                "precision": 0.9090909090909091,
                "recall": 0.9722222222222222,
                "f1-score": 0.9395973154362416,
                "support": 72.0
            },
            "accuracy": 0.9571428571428572,
            "macro avg": {
                "precision": 0.9470266575529733,
                "recall": 0.9607487922705313,
                "f1-score": 0.9531934916664603,
                "support": 210.0
            },
            "weighted avg": {
                "precision": 0.9589493213553364,
                "recall": 0.9571428571428572,
                "f1-score": 0.9574665756245291,
                "support": 210.0
            }
        }
    },
    "KNN_k=8": {
        "Accuracy": 0.9523809523809523,
        "Recall": 0.9583333333333334,
        "Precision": 0.9078947368421053,
        "F1 Score": 0.9324324324324325,
        "Classification Report": {
            "0": {
                "precision": 0.9776119402985075,
                "recall": 0.9492753623188406,
                "f1-score": 0.9632352941176471,
                "support": 138.0
            },
            "1": {
                "precision": 0.9078947368421053,
                "recall": 0.9583333333333334,
                "f1-score": 0.9324324324324325,
                "support": 72.0
            },
            "accuracy": 0.9523809523809523,
            "macro avg": {
                "precision": 0.9427533385703064,
                "recall": 0.9538043478260869,
                "f1-score": 0.9478338632750398,
                "support": 210.0
            },
            "weighted avg": {
                "precision": 0.9537088991134554,
                "recall": 0.9523809523809523,
                "f1-score": 0.9526743129684306,
                "support": 210.0
            }
        }
    },
    "KNN_k=9": {
        "Accuracy": 0.9476190476190476,
        "Recall": 0.9583333333333334,