{
    "CART": {
        "Accuracy": 0.9523809523809523,
        "Recall": 0.8955223880597015,
        "Precision": 0.9523809523809523,
        "F1 Score": 0.9230769230769231,
        "Classification Report": {
            "0": {
                "precision": 0.9523809523809523,
                "recall": 0.9790209790209791,
                "f1-score": 0.9655172413793104,
                "support": 143.0
            },
            "1": {
                "precision": 0.9523809523809523,
                "recall": 0.8955223880597015,
                "f1-score": 0.9230769230769231,
                "support": 67.0
            },
            "accuracy": 0.9523809523809523,
            "macro avg": {
                "precision": 0.9523809523809523,
                "recall": 0.9372716835403403,
                "f1-score": 0.9442970822281167,
                "support": 210.0
            },
            "weighted avg": {
                "precision": 0.9523809523809522,
                "recall": 0.9523809523809523,
                "f1-score": 0.9519767588733107,
                "support": 210.0
            }
        }
    },
    "C4.5": {
        "Accuracy": 0.9523809523809523,
        "Recall": 0.8955223880597015,
        "Precision": 0.9523809523809523,
        "F1 Score": 0.9230769230769231,
        "Classification Report": {
            "0": {
                "precision": 0.9523809523809523,
                "recall": 0.9790209790209791,
                "f1-score": 0.9655172413793104,
                "support": 143.0
            },
            "1": {
                "precision": 0.9523809523809523,
                "recall": 0.8955223880597015,
                "f1-score": 0.9230769230769231,
                "support": 67.0
            },
            "accuracy": 0.9523809523809523,
            "macro avg": {
                "precision": 0.9523809523809523,
                "recall": 0.9372716835403403,
                "f1-score": 0.9442970822281167,
                "support": 210.0
            },
            "weighted avg": {
                "precision": 0.9523809523809522,
                "recall": 0.9523809523809523,
                "f1-score": 0.9519767588733107,
                "support": 210.0
            }
        }
    },
    "AdaBoost": {
        "Accuracy": 0.9666666666666667,
        "Recall": 0.9402985074626866,
        "Precision": 0.9545454545454546,
        "F1 Score": 0.9473684210526315,
        "Classification Report": {
            "0": {
                "precision": 0.9722222222222222,
                "recall": 0.9790209790209791,
                "f1-score": 0.975609756097561,
                "support": 143.0
            },
            "1": {
                "precision": 0.9545454545454546,
                "recall": 0.9402985074626866,
                "f1-score": 0.9473684210526315,
                "support": 67.0
            },
            "accuracy": 0.9666666666666667,
            "macro avg": {
                "precision": 0.9633838383838385,
                "recall": 0.9596597432418328,
                "f1-score": 0.9614890885750962,
                "support": 210.0
            },
            "weighted avg": {
                "precision": 0.9665824915824917,
                "recall": 0.9666666666666667,
                "f1-score": 0.96659942539275,
                "support": 210.0
            }
        }
    },
    "XGBoost": {
        "Accuracy": 0.9666666666666667,
        "Recall": 0.9402985074626866,
        "Precision": 0.9545454545454546,
        "F1 Score": 0.9473684210526315,
        "Classification Report": {
            "0": {
                "precision": 0.9722222222222222,
                "recall": 0.9790209790209791,
                "f1-score": 0.975609756097561,
                "support": 143.0
            },
            "1": {
                "precision": 0.9545454545454546,
                "recall": 0.9402985074626866,
                "f1-score": 0.9473684210526315,
                "support": 67.0
            },
            "accuracy": 0.9666666666666667,
            "macro avg": {
                "precision": 0.9633838383838385,
                "recall": 0.9596597432418328,
                "f1-score": 0.9614890885750962,
                "support": 210.0
            },
            "weighted avg": {
                "precision": 0.9665824915824917,
                "recall": 0.9666666666666667,
                "f1-score": 0.96659942539275,
                "support": 210.0
            }
        }
    },
    "RandomForest": {
        "Accuracy": 0.9761904761904762,
        "Recall": 0.9850746268656716,
        "Precision": 0.9428571428571428,
        "F1 Score": 0.9635036496350365,
        "Classification Report": {
            "0": {
                "precision": 0.9928571428571429,
                "recall": 0.972027972027972,
                "f1-score": 0.9823321554770318,
                "support": 143.0
            },
            "1": {
                "precision": 0.9428571428571428,
                "recall": 0.9850746268656716,
                "f1-score": 0.9635036496350365,
                "support": 67.0
            },
            "accuracy": 0.9761904761904762,
            "macro avg": {
                "precision": 0.9678571428571429,
                "recall": 0.9785512994468217,
                "f1-score": 0.9729179025560342,
                "support": 210.0
            },
            "weighted avg": {
                "precision": 0.9769047619047619,
                "recall": 0.9761904761904762,
                "f1-score": 0.976324965517919,
                "support": 210.0
            }
        }
    },
    "LightGBM": {
        "Accuracy": 0.9476190476190476,
        "Recall": 0.8955223880597015,
        "Precision": 0.9375,
        "F1 Score": 0.916030534351145,
        "Classification Report": {
            "0": {
                "precision": 0.952054794520548,
                "recall": 0.972027972027972,
                "f1-score": 0.9619377162629758,
                "support": 143.0
            },
            "1": {
                "precision": 0.9375,
                "recall": 0.8955223880597015,
                "f1-score": 0.916030534351145,
                "support": 67.0
            },
            "accuracy": 0.9476190476190476,
            "macro avg": {
                "precision": 0.944777397260274,
                "recall": 0.9337751800438367,
                "f1-score": 0.9389841253070603,
                "support": 210.0
            },
            "weighted avg": {
                "precision": 0.9474111219830399,
                "recall": 0.9476190476190476,
                "f1-score": 0.9472911391768202,
                "support": 210.0
            }
        }
    },
    "ExtraTrees": {
        "Accuracy": 0.9761904761904762,
        "Recall": 0.9850746268656716,
        "Precision": 0.9428571428571428,
        "F1 Score": 0.9635036496350365,
        "Classification Report": {
            "0": {
                "precision": 0.9928571428571429,
                "recall": 0.972027972027972,
                "f1-score": 0.9823321554770318,
                "support": 143.0
            },
            "1": {
                "precision": 0.9428571428571428,
                "recall": 0.9850746268656716,
                "f1-score": 0.9635036496350365,
                "support": 67.0
            },
            "accuracy": 0.9761904761904762,
            "macro avg": {
                "precision": 0.9678571428571429,
                "recall": 0.9785512994468217,
                "f1-score": 0.9729179025560342,
                "support": 210.0
            },
            "weighted avg": {
                "precision": 0.9769047619047619,
                "recall": 0.9761904761904762,
                "f1-score": 0.976324965517919,
                "support": 210.0
            }
        }
    },
    "GradientBoosting": {
        "Accuracy": 0.9619047619047619,
        "Recall": 0.9402985074626866,