{
    "CART": {
        "Accuracy": 0.9380952380952381,
        "Recall": 0.9444444444444444,
        "Precision": 0.8831168831168831,
        "F1 Score": 0.912751677852349,
        "Classification Report": {
            "0": {
                "precision": 0.9699248120300752,
                "recall": 0.9347826086956522,
                "f1-score": 0.9520295202952029,
                "support": 138.0
            },
            "1": {
                "precision": 0.8831168831168831,
                "recall": 0.9444444444444444,
                "f1-score": 0.912751677852349,
                "support": 72.0
            },
            "accuracy": 0.9380952380952381,
            "macro avg": {
                "precision": 0.9265208475734792,
                "recall": 0.9396135265700483,
                "f1-score": 0.932390599073776,
                "support": 210.0
            },
            "weighted avg": {
                "precision": 0.9401620935455521,
                "recall": 0.9380952380952381,
                "f1-score": 0.9385628314576531,
                "support": 210.0
            }
        }
    },
    "C4.5": {
        "Accuracy": 0.9428571428571428,
        "Recall": 0.9583333333333334,
        "Precision": 0.8846153846153846,
        "F1 Score": 0.92,
        "Classification Report": {
            "0": {
                "precision": 0.9772727272727273,
                "recall": 0.9347826086956522,
                "f1-score": 0.9555555555555556,
                "support": 138.0
            },
            "1": {
                "precision": 0.8846153846153846,
                "recall": 0.9583333333333334,
                "f1-score": 0.92,
                "support": 72.0
            },
            "accuracy": 0.9428571428571428,
            "macro avg": {
                "precision": 0.9309440559440559,
                "recall": 0.9465579710144928,
                "f1-score": 0.9377777777777778,
                "support": 210.0
            },
            "weighted avg": {
                "precision": 0.9455044955044954,
                "recall": 0.9428571428571428,
                "f1-score": 0.9433650793650794,
                "support": 210.0
            }
        }
    },
    "AdaBoost": {
        "Accuracy": 0.9619047619047619,
        "Recall": 0.9583333333333334,
        "Precision": 0.9324324324324325,
        "F1 Score": 0.9452054794520548,
        "Classification Report": {
            "0": {
                "precision": 0.9779411764705882,
                "recall": 0.9637681159420289,
                "f1-score": 0.9708029197080292,
                "support": 138.0
            },
            "1": {
                "precision": 0.9324324324324325,
                "recall": 0.9583333333333334,
                "f1-score": 0.9452054794520548,
                "support": 72.0
            },
            "accuracy": 0.9619047619047619,
            "macro avg": {
                "precision": 0.9551868044515104,
                "recall": 0.9610507246376812,
                "f1-score": 0.958004199580042,
                "support": 210.0
            },
            "weighted avg": {
                "precision": 0.962338178514649,
                "recall": 0.9619047619047619,
                "f1-score": 0.9620266544774094,
                "support": 210.0
            }
        }
    },
    "XGBoost": {
        "Accuracy": 0.9523809523809523,
        "Recall": 0.9583333333333334,
        "Precision": 0.9078947368421053,
        "F1 Score": 0.9324324324324325,
        "Classification Report": {
            "0": {
                "precision": 0.9776119402985075,
                "recall": 0.9492753623188406,
                "f1-score": 0.9632352941176471,
                "support": 138.0
            },
            "1": {
                "precision": 0.9078947368421053,
                "recall": 0.9583333333333334,
                "f1-score": 0.9324324324324325,
                "support": 72.0
            },
            "accuracy": 0.9523809523809523,
            "macro avg": {
                "precision": 0.9427533385703064,
                "recall": 0.9538043478260869,
                "f1-score": 0.9478338632750398,
                "support": 210.0
            },
            "weighted avg": {
                "precision": 0.9537088991134554,
                "recall": 0.9523809523809523,
                "f1-score": 0.9526743129684306,
                "support": 210.0
            }
        }
    },
    "RandomForest": {
        "Accuracy": 0.9666666666666667,
        "Recall": 0.9722222222222222,
        "Precision": 0.9333333333333333,
        "F1 Score": 0.9523809523809523,
        "Classification Report": {
            "0": {
                "precision": 0.9851851851851852,
                "recall": 0.9637681159420289,
                "f1-score": 0.9743589743589743,
                "support": 138.0
            },
            "1": {
                "precision": 0.9333333333333333,
                "recall": 0.9722222222222222,
                "f1-score": 0.9523809523809523,
                "support": 72.0
            },
            "accuracy": 0.9666666666666667,
            "macro avg": {
                "precision": 0.9592592592592593,
                "recall": 0.9679951690821256,
                "f1-score": 0.9633699633699633,
                "support": 210.0
            },
            "weighted avg": {
                "precision": 0.9674074074074075,
                "recall": 0.9666666666666667,
                "f1-score": 0.9668236525379381,
                "support": 210.0
            }
        }
    },
    "LightGBM": {
        "Accuracy": 0.9523809523809523,
        "Recall": 0.9444444444444444,
        "Precision": 0.918918918918919,
        "F1 Score": 0.9315068493150684,
        "Classification Report": {
            "0": {
                "precision": 0.9705882352941176,
                "recall": 0.9565217391304348,
                "f1-score": 0.9635036496350365,
                "support": 138.0
            },
            "1": {
                "precision": 0.918918918918919,
                "recall": 0.9444444444444444,
                "f1-score": 0.9315068493150684,
                "support": 72.0
            },
            "accuracy": 0.9523809523809523,
            "macro avg": {
                "precision": 0.9447535771065183,
                "recall": 0.9504830917874396,
                "f1-score": 0.9475052494750524,
                "support": 210.0
            },
            "weighted avg": {
                "precision": 0.9528730411083353,
                "recall": 0.9523809523809523,
                "f1-score": 0.9525333180967618,
                "support": 210.0
            }
        }
    },
    "ExtraTrees": {
        "Accuracy": 0.9619047619047619,
        "Recall": 0.9722222222222222,
        "Precision": 0.9210526315789473,
        "F1 Score": 0.9459459459459459,
        "Classification Report": {
            "0": {
                "precision": 0.9850746268656716,
                "recall": 0.9565217391304348,
                "f1-score": 0.9705882352941176,
                "support": 138.0
            },
            "1": {
                "precision": 0.9210526315789473,
                "recall": 0.9722222222222222,
                "f1-score": 0.9459459459459459,
                "support": 72.0
            },
            "accuracy": 0.9619047619047619,
            "macro avg": {
                "precision": 0.9530636292223095,
                "recall": 0.9643719806763285,
                "f1-score": 0.9582670906200318,
                "support": 210.0
            },
            "weighted avg": {
                "precision": 0.9631242284816519,
                "recall": 0.9619047619047619,
                "f1-score": 0.9621394503747446,
                "support": 210.0
            }
        }
    },
    "GradientBoosting": {
        "Accuracy": 0.9428571428571428,
        "Recall": 0.9305555555555556,