{
    "CART": {
        "Accuracy": 0.9428571428571428,
        "Recall": 0.9104477611940298,
        "Precision": 0.9104477611940298,
        "F1 Score": 0.9104477611940298,
        "Classification Report": {
            "0": {
                "precision": 0.958041958041958,
                "recall": 0.958041958041958,
                "f1-score": 0.958041958041958,
                "support": 143.0
            },
            "1": {
                "precision": 0.9104477611940298,
                "recall": 0.9104477611940298,
                "f1-score": 0.9104477611940298,
                "support": 67.0
            },
            "accuracy": 0.9428571428571428,
            "macro avg": {
                "precision": 0.934244859617994,
                "recall": 0.934244859617994,
                "f1-score": 0.934244859617994,
                "support": 210.0
            },
            "weighted avg": {
                "precision": 0.9428571428571428,
                "recall": 0.9428571428571428,
                "f1-score": 0.9428571428571428,
                "support": 210.0
            }
        }
    },
    "C4.5": {
        "Accuracy": 0.9380952380952381,
        "Recall": 0.8955223880597015,
        "Precision": 0.9090909090909091,
        "F1 Score": 0.9022556390977443,
        "Classification Report": {
            "0": {
                "precision": 0.9513888888888888,
                "recall": 0.958041958041958,
                "f1-score": 0.9547038327526133,
                "support": 143.0
            },
            "1": {
                "precision": 0.9090909090909091,
                "recall": 0.8955223880597015,
                "f1-score": 0.9022556390977443,
                "support": 67.0
            },
            "accuracy": 0.9380952380952381,
            "macro avg": {
                "precision": 0.930239898989899,
                "recall": 0.9267821730508298,
                "f1-score": 0.9284797359251789,
                "support": 210.0
            },
            "weighted avg": {
                "precision": 0.9378938191438192,
                "recall": 0.9380952380952381,
                "f1-score": 0.9379703614436788,
                "support": 210.0
            }
        }
    },
    "AdaBoost": {
        "Accuracy": 0.9666666666666667,
        "Recall": 0.9552238805970149,
        "Precision": 0.9411764705882353,
        "F1 Score": 0.9481481481481482,
        "Classification Report": {
            "0": {
                "precision": 0.9788732394366197,
                "recall": 0.972027972027972,
                "f1-score": 0.9754385964912281,
                "support": 143.0
            },
            "1": {
                "precision": 0.9411764705882353,
                "recall": 0.9552238805970149,
                "f1-score": 0.9481481481481482,
                "support": 67.0
            },
            "accuracy": 0.9666666666666667,
            "macro avg": {
                "precision": 0.9600248550124275,
                "recall": 0.9636259263124934,
                "f1-score": 0.9617933723196881,
                "support": 210.0
            },
            "weighted avg": {
                "precision": 0.9668461750897543,
                "recall": 0.9666666666666667,
                "f1-score": 0.9667316439246264,
                "support": 210.0
            }
        }
    },
    "XGBoost": {
        "Accuracy": 0.9619047619047619,
        "Recall": 0.9402985074626866,
        "Precision": 0.9402985074626866,
        "F1 Score": 0.9402985074626866,
        "Classification Report": {
            "0": {
                "precision": 0.972027972027972,
                "recall": 0.972027972027972,
                "f1-score": 0.972027972027972,
                "support": 143.0
            },
            "1": {
                "precision": 0.9402985074626866,
                "recall": 0.9402985074626866,
                "f1-score": 0.9402985074626866,
                "support": 67.0
            },
            "accuracy": 0.9619047619047619,
            "macro avg": {
                "precision": 0.9561632397453292,
                "recall": 0.9561632397453292,
                "f1-score": 0.9561632397453292,
                "support": 210.0
            },
            "weighted avg": {
                "precision": 0.9619047619047619,
                "recall": 0.9619047619047619,
                "f1-score": 0.9619047619047619,
                "support": 210.0
            }
        }
    },
    "RandomForest": {
        "Accuracy": 0.9714285714285714,
        "Recall": 0.9701492537313433,
        "Precision": 0.9420289855072463,
        "F1 Score": 0.9558823529411765,
        "Classification Report": {
            "0": {
                "precision": 0.9858156028368794,
                "recall": 0.972027972027972,
                "f1-score": 0.9788732394366197,
                "support": 143.0
            },
            "1": {
                "precision": 0.9420289855072463,
                "recall": 0.9701492537313433,
                "f1-score": 0.9558823529411765,
                "support": 67.0
            },
            "accuracy": 0.9714285714285714,
            "macro avg": {
                "precision": 0.9639222941720629,
                "recall": 0.9710886128796576,
                "f1-score": 0.9673777961888981,
                "support": 210.0
            },
            "weighted avg": {
                "precision": 0.9718455868317107,
                "recall": 0.9714285714285714,
                "f1-score": 0.9715380518404545,
                "support": 210.0
            }
        }
    },
    "LightGBM": {
        "Accuracy": 0.9619047619047619,
        "Recall": 0.9402985074626866,
        "Precision": 0.9402985074626866,
        "F1 Score": 0.9402985074626866,
        "Classification Report": {
            "0": {
                "precision": 0.972027972027972,
                "recall": 0.972027972027972,
                "f1-score": 0.972027972027972,
                "support": 143.0
            },
            "1": {
                "precision": 0.9402985074626866,
                "recall": 0.9402985074626866,
                "f1-score": 0.9402985074626866,
                "support": 67.0
            },
            "accuracy": 0.9619047619047619,
            "macro avg": {
                "precision": 0.9561632397453292,
                "recall": 0.9561632397453292,
                "f1-score": 0.9561632397453292,
                "support": 210.0
            },
            "weighted avg": {
                "precision": 0.9619047619047619,
                "recall": 0.9619047619047619,
                "f1-score": 0.9619047619047619,
                "support": 210.0
            }
        }
    },
    "ExtraTrees": {
        "Accuracy": 0.9761904761904762,
        "Recall": 0.9850746268656716,
        "Precision": 0.9428571428571428,
        "F1 Score": 0.9635036496350365,
        "Classification Report": {
            "0": {
                "precision": 0.9928571428571429,
                "recall": 0.972027972027972,
                "f1-score": 0.9823321554770318,
                "support": 143.0
            },
            "1": {
                "precision": 0.9428571428571428,
                "recall": 0.9850746268656716,
                "f1-score": 0.9635036496350365,
                "support": 67.0
            },
            "accuracy": 0.9761904761904762,
            "macro avg": {
                "precision": 0.9678571428571429,
                "recall": 0.9785512994468217,
                "f1-score": 0.9729179025560342,
                "support": 210.0
            },
            "weighted avg": {
                "precision": 0.9769047619047619,
                "recall": 0.9761904761904762,
                "f1-score": 0.976324965517919,
                "support": 210.0
            }
        }
    },
    "GradientBoosting": {
        "Accuracy": 0.9714285714285714,
        "Recall": 0.9701492537313433,