{
    "Decision Tree": {
        "Accuracy": 0.9523809523809523,
        "Recall": 0.986013986013986,
        "Precision": 0.9463087248322147,
        "F1 Score": 0.9657534246575342,
        "Classification Report": {
            "2": {
                "precision": 0.9463087248322147,
                "recall": 0.986013986013986,
                "f1-score": 0.9657534246575342,
                "support": 143.0
            },
            "4": {
                "precision": 0.9672131147540983,
                "recall": 0.8805970149253731,
                "f1-score": 0.921875,
                "support": 67.0
            },
            "accuracy": 0.9523809523809523,
            "macro avg": {
                "precision": 0.9567609197931566,
                "recall": 0.9333055004696795,
                "f1-score": 0.9438142123287672,
                "support": 210.0
            },
            "weighted avg": {
                "precision": 0.9529782206644347,
                "recall": 0.9523809523809523,
                "f1-score": 0.9517541177429876,
                "support": 210.0
            }
        }
    },
    "Random Forest": {
        "Accuracy": 0.9666666666666667,
        "Recall": 0.9790209790209791,
        "Precision": 0.9722222222222222,
        "F1 Score": 0.975609756097561,
        "Classification Report": {
            "2": {
                "precision": 0.9722222222222222,
                "recall": 0.9790209790209791,
                "f1-score": 0.975609756097561,
                "support": 143.0
            },
            "4": {
                "precision": 0.9545454545454546,
                "recall": 0.9402985074626866,
                "f1-score": 0.9473684210526315,
                "support": 67.0
            },
            "accuracy": 0.9666666666666667,
            "macro avg": {
                "precision": 0.9633838383838385,
                "recall": 0.9596597432418328,
                "f1-score": 0.9614890885750962,
                "support": 210.0
            },
            "weighted avg": {
                "precision": 0.9665824915824917,
                "recall": 0.9666666666666667,
                "f1-score": 0.96659942539275,
                "support": 210.0
            }
        }
    }
}