{
    "CART": {
        "Accuracy": 0.9523809523809523,
        "Recall": 0.9444444444444444,
        "Precision": 0.918918918918919,
        "F1 Score": 0.9315068493150684,
        "Classification Report": {
            "0": {
                "precision": 0.9705882352941176,
                "recall": 0.9565217391304348,
                "f1-score": 0.9635036496350365,
                "support": 138.0
            },
            "1": {
                "precision": 0.918918918918919,
                "recall": 0.9444444444444444,
                "f1-score": 0.9315068493150684,
                "support": 72.0
            },
            "accuracy": 0.9523809523809523,
            "macro avg": {
                "precision": 0.9447535771065183,
                "recall": 0.9504830917874396,
                "f1-score": 0.9475052494750524,
                "support": 210.0
            },
            "weighted avg": {
                "precision": 0.9528730411083353,
                "recall": 0.9523809523809523,
                "f1-score": 0.9525333180967618,
                "support": 210.0
            }
        }
    },
    "C4.5": {
        "Accuracy": 0.9571428571428572,
        "Recall": 0.9444444444444444,
        "Precision": 0.9315068493150684,
        "F1 Score": 0.9379310344827586,
        "Classification Report": {
            "0": {
                "precision": 0.9708029197080292,
                "recall": 0.9637681159420289,
                "f1-score": 0.9672727272727273,
                "support": 138.0
            },
            "1": {
                "precision": 0.9315068493150684,
                "recall": 0.9444444444444444,
                "f1-score": 0.9379310344827586,
                "support": 72.0
            },
            "accuracy": 0.9571428571428572,
            "macro avg": {
                "precision": 0.9511548845115488,
                "recall": 0.9541062801932367,
                "f1-score": 0.952601880877743,
                "support": 210.0
            },
            "weighted avg": {
                "precision": 0.9573299812875855,
                "recall": 0.9571428571428572,
                "f1-score": 0.9572127183161667,
                "support": 210.0
            }
        }
    },
    "AdaBoost": {
        "Accuracy": 0.9523809523809523,
        "Recall": 0.9305555555555556,
        "Precision": 0.9305555555555556,
        "F1 Score": 0.9305555555555556,
        "Classification Report": {
            "0": {
                "precision": 0.9637681159420289,
                "recall": 0.9637681159420289,
                "f1-score": 0.9637681159420289,
                "support": 138.0
            },
            "1": {
                "precision": 0.9305555555555556,
                "recall": 0.9305555555555556,
                "f1-score": 0.9305555555555556,
                "support": 72.0
            },
            "accuracy": 0.9523809523809523,
            "macro avg": {
                "precision": 0.9471618357487923,
                "recall": 0.9471618357487923,
                "f1-score": 0.9471618357487923,
                "support": 210.0
            },
            "weighted avg": {
                "precision": 0.9523809523809523,
                "recall": 0.9523809523809523,
                "f1-score": 0.9523809523809523,
                "support": 210.0
            }
        }
    },
    "XGBoost": {
        "Accuracy": 0.9619047619047619,
        "Recall": 0.9722222222222222,
        "Precision": 0.9210526315789473,
        "F1 Score": 0.9459459459459459,
        "Classification Report": {
            "0": {
                "precision": 0.9850746268656716,
                "recall": 0.9565217391304348,
                "f1-score": 0.9705882352941176,
                "support": 138.0
            },
            "1": {
                "precision": 0.9210526315789473,
                "recall": 0.9722222222222222,
                "f1-score": 0.9459459459459459,
                "support": 72.0
            },
            "accuracy": 0.9619047619047619,
            "macro avg": {
                "precision": 0.9530636292223095,
                "recall": 0.9643719806763285,
                "f1-score": 0.9582670906200318,
                "support": 210.0
            },
            "weighted avg": {
                "precision": 0.9631242284816519,
                "recall": 0.9619047619047619,
                "f1-score": 0.9621394503747446,
                "support": 210.0
            }
        }
    },
    "RandomForest": {
        "Accuracy": 0.9571428571428572,
        "Recall": 0.9444444444444444,
        "Precision": 0.9315068493150684,
        "F1 Score": 0.9379310344827586,
        "Classification Report": {
            "0": {
                "precision": 0.9708029197080292,
                "recall": 0.9637681159420289,
                "f1-score": 0.9672727272727273,
                "support": 138.0
            },
            "1": {
                "precision": 0.9315068493150684,
                "recall": 0.9444444444444444,
                "f1-score": 0.9379310344827586,
                "support": 72.0
            },
            "accuracy": 0.9571428571428572,
            "macro avg": {
                "precision": 0.9511548845115488,
                "recall": 0.9541062801932367,
                "f1-score": 0.952601880877743,
                "support": 210.0
            },
            "weighted avg": {
                "precision": 0.9573299812875855,
                "recall": 0.9571428571428572,
                "f1-score": 0.9572127183161667,
                "support": 210.0
            }
        }
    },
    "LightGBM": {
        "Accuracy": 0.9428571428571428,
        "Recall": 0.9305555555555556,
        "Precision": 0.9054054054054054,
        "F1 Score": 0.9178082191780822,
        "Classification Report": {
            "0": {
                "precision": 0.9632352941176471,
                "recall": 0.9492753623188406,
                "f1-score": 0.9562043795620438,
                "support": 138.0
            },
            "1": {
                "precision": 0.9054054054054054,
                "recall": 0.9305555555555556,
                "f1-score": 0.9178082191780822,
                "support": 72.0
            },
            "accuracy": 0.9428571428571428,
            "macro avg": {
                "precision": 0.9343203497615262,
                "recall": 0.9399154589371981,
                "f1-score": 0.937006299370063,
                "support": 210.0
            },
            "weighted avg": {
                "precision": 0.9434079037020214,
                "recall": 0.9428571428571428,
                "f1-score": 0.9430399817161141,
                "support": 210.0
            }
        }
    },
    "ExtraTrees": {
        "Accuracy": 0.9571428571428572,
        "Recall": 0.9583333333333334,
        "Precision": 0.92,
        "F1 Score": 0.9387755102040817,
        "Classification Report": {
            "0": {
                "precision": 0.9777777777777777,
                "recall": 0.9565217391304348,
                "f1-score": 0.967032967032967,
                "support": 138.0
            },
            "1": {
                "precision": 0.92,
                "recall": 0.9583333333333334,
                "f1-score": 0.9387755102040817,
                "support": 72.0
            },
            "accuracy": 0.9571428571428572,
            "macro avg": {
                "precision": 0.9488888888888889,
                "recall": 0.957427536231884,
                "f1-score": 0.9529042386185244,
                "support": 210.0
            },
            "weighted avg": {
                "precision": 0.957968253968254,
                "recall": 0.9571428571428572,
                "f1-score": 0.9573446961202065,
                "support": 210.0
            }
        }
    },
    "GradientBoosting": {
        "Accuracy": 0.9523809523809523,
        "Recall": 0.9305555555555556,