{
    "CART": {
        "Accuracy": 0.919047619047619,
        "Recall": 0.9027777777777778,
        "Precision": 0.8666666666666667,
        "F1 Score": 0.8843537414965986,
        "Classification Report": {
            "0": {
                "precision": 0.9481481481481482,
                "recall": 0.927536231884058,
                "f1-score": 0.9377289377289377,
                "support": 138.0
            },
            "1": {
                "precision": 0.8666666666666667,
                "recall": 0.9027777777777778,
                "f1-score": 0.8843537414965986,
                "support": 72.0
            },
            "accuracy": 0.919047619047619,
            "macro avg": {
                "precision": 0.9074074074074074,
                "recall": 0.9151570048309179,
                "f1-score": 0.9110413396127681,
                "support": 210.0
            },
            "weighted avg": {
                "precision": 0.9202116402116404,
                "recall": 0.919047619047619,
                "f1-score": 0.9194288704492786,
                "support": 210.0
            }
        }
    },
    "C4.5": {
        "Accuracy": 0.9333333333333333,
        "Recall": 0.9444444444444444,
        "Precision": 0.8717948717948718,
        "F1 Score": 0.9066666666666666,
        "Classification Report": {
            "0": {
                "precision": 0.9696969696969697,
                "recall": 0.927536231884058,
                "f1-score": 0.9481481481481482,
                "support": 138.0
            },
            "1": {
                "precision": 0.8717948717948718,
                "recall": 0.9444444444444444,
                "f1-score": 0.9066666666666666,
                "support": 72.0
            },
            "accuracy": 0.9333333333333333,
            "macro avg": {
                "precision": 0.9207459207459208,
                "recall": 0.9359903381642511,
                "f1-score": 0.9274074074074075,
                "support": 210.0
            },
            "weighted avg": {
                "precision": 0.9361305361305361,
                "recall": 0.9333333333333333,
                "f1-score": 0.933925925925926,
                "support": 210.0
            }
        }
    },
    "AdaBoost": {
        "Accuracy": 0.9571428571428572,
        "Recall": 0.9583333333333334,
        "Precision": 0.92,
        "F1 Score": 0.9387755102040817,
        "Classification Report": {
            "0": {
                "precision": 0.9777777777777777,
                "recall": 0.9565217391304348,
                "f1-score": 0.967032967032967,
                "support": 138.0
            },
            "1": {
                "precision": 0.92,
                "recall": 0.9583333333333334,
                "f1-score": 0.9387755102040817,
                "support": 72.0
            },
            "accuracy": 0.9571428571428572,
            "macro avg": {
                "precision": 0.9488888888888889,
                "recall": 0.957427536231884,
                "f1-score": 0.9529042386185244,
                "support": 210.0
            },
            "weighted avg": {
                "precision": 0.957968253968254,
                "recall": 0.9571428571428572,
                "f1-score": 0.9573446961202065,
                "support": 210.0
            }
        }
    },
    "XGBoost": {
        "Accuracy": 0.9619047619047619,
        "Recall": 0.9861111111111112,
        "Precision": 0.9102564102564102,
        "F1 Score": 0.9466666666666667,
        "Classification Report": {
            "0": {
                "precision": 0.9924242424242424,
                "recall": 0.9492753623188406,
                "f1-score": 0.9703703703703703,
                "support": 138.0
            },
            "1": {
                "precision": 0.9102564102564102,
                "recall": 0.9861111111111112,
                "f1-score": 0.9466666666666667,
                "support": 72.0
            },
            "accuracy": 0.9619047619047619,
            "macro avg": {
                "precision": 0.9513403263403264,
                "recall": 0.9676932367149759,
                "f1-score": 0.9585185185185185,
                "support": 210.0
            },
            "weighted avg": {
                "precision": 0.9642524142524143,
                "recall": 0.9619047619047619,
                "f1-score": 0.9622433862433861,
                "support": 210.0
            }
        }
    },
    "RandomForest": {
        "Accuracy": 0.9714285714285714,
        "Recall": 0.9861111111111112,
        "Precision": 0.9342105263157895,
        "F1 Score": 0.9594594594594594,
        "Classification Report": {
            "0": {
                "precision": 0.9925373134328358,
                "recall": 0.9637681159420289,
                "f1-score": 0.9779411764705882,
                "support": 138.0
            },
            "1": {
                "precision": 0.9342105263157895,
                "recall": 0.9861111111111112,
                "f1-score": 0.9594594594594594,
                "support": 72.0
            },
            "accuracy": 0.9714285714285714,
            "macro avg": {
                "precision": 0.9633739198743126,
                "recall": 0.97493961352657,
                "f1-score": 0.9687003179650238,
                "support": 210.0
            },
            "weighted avg": {
                "precision": 0.9725395578498485,
                "recall": 0.9714285714285714,
                "f1-score": 0.9716045877810584,
                "support": 210.0
            }
        }
    },
    "LightGBM": {
        "Accuracy": 0.9428571428571428,
        "Recall": 0.9305555555555556,
        "Precision": 0.9054054054054054,
        "F1 Score": 0.9178082191780822,
        "Classification Report": {
            "0": {
                "precision": 0.9632352941176471,
                "recall": 0.9492753623188406,
                "f1-score": 0.9562043795620438,
                "support": 138.0
            },
            "1": {
                "precision": 0.9054054054054054,
                "recall": 0.9305555555555556,
                "f1-score": 0.9178082191780822,
                "support": 72.0
            },
            "accuracy": 0.9428571428571428,
            "macro avg": {
                "precision": 0.9343203497615262,
                "recall": 0.9399154589371981,
                "f1-score": 0.937006299370063,
                "support": 210.0
            },
            "weighted avg": {
                "precision": 0.9434079037020214,
                "recall": 0.9428571428571428,
                "f1-score": 0.9430399817161141,
                "support": 210.0
            }
        }
    },
    "ExtraTrees": {
        "Accuracy": 0.9666666666666667,
        "Recall": 0.9722222222222222,
        "Precision": 0.9333333333333333,
        "F1 Score": 0.9523809523809523,
        "Classification Report": {
            "0": {
                "precision": 0.9851851851851852,
                "recall": 0.9637681159420289,
                "f1-score": 0.9743589743589743,
                "support": 138.0
            },
            "1": {
                "precision": 0.9333333333333333,
                "recall": 0.9722222222222222,
                "f1-score": 0.9523809523809523,
                "support": 72.0
            },
            "accuracy": 0.9666666666666667,
            "macro avg": {
                "precision": 0.9592592592592593,
                "recall": 0.9679951690821256,
                "f1-score": 0.9633699633699633,
                "support": 210.0
            },
            "weighted avg": {
                "precision": 0.9674074074074075,
                "recall": 0.9666666666666667,
                "f1-score": 0.9668236525379381,
                "support": 210.0
            }
        }
    },
    "GradientBoosting": {
        "Accuracy": 0.9571428571428572,
        "Recall": 0.9583333333333334,
        "Precision": 0.92,