{
    "CART": {
        "Accuracy": 0.9476190476190476,
        "Recall": 0.9104477611940298,
        "Precision": 0.9242424242424242,
        "F1 Score": 0.9172932330827067,
        "Classification Report": {
            "0": {
                "precision": 0.9583333333333334,
                "recall": 0.965034965034965,
                "f1-score": 0.9616724738675958,
                "support": 143.0
            },
            "1": {
                "precision": 0.9242424242424242,
                "recall": 0.9104477611940298,
                "f1-score": 0.9172932330827067,
                "support": 67.0
            },
            "accuracy": 0.9476190476190476,
            "macro avg": {
                "precision": 0.9412878787878788,
                "recall": 0.9377413631144974,
                "f1-score": 0.9394828534751513,
                "support": 210.0
            },
            "weighted avg": {
                "precision": 0.94745670995671,
                "recall": 0.9476190476190476,
                "f1-score": 0.9475133827600359,
                "support": 210.0
            }
        }
    },
    "C4.5": {
        "Accuracy": 0.9380952380952381,
        "Recall": 0.8805970149253731,
        "Precision": 0.921875,
        "F1 Score": 0.9007633587786259,
        "Classification Report": {
            "0": {
                "precision": 0.9452054794520548,
                "recall": 0.965034965034965,
                "f1-score": 0.9550173010380623,
                "support": 143.0
            },
            "1": {
                "precision": 0.921875,
                "recall": 0.8805970149253731,
                "f1-score": 0.9007633587786259,
                "support": 67.0
            },
            "accuracy": 0.9380952380952381,
            "macro avg": {
                "precision": 0.9335402397260274,
                "recall": 0.9228159899801691,
                "f1-score": 0.9278903299083441,
                "support": 210.0
            },
            "weighted avg": {
                "precision": 0.9377619455316373,
                "recall": 0.9380952380952381,
                "f1-score": 0.9377077099362421,
                "support": 210.0
            }
        }
    },
    "AdaBoost": {
        "Accuracy": 0.9714285714285714,
        "Recall": 0.9701492537313433,
        "Precision": 0.9420289855072463,
        "F1 Score": 0.9558823529411765,
        "Classification Report": {
            "0": {
                "precision": 0.9858156028368794,
                "recall": 0.972027972027972,
                "f1-score": 0.9788732394366197,
                "support": 143.0
            },
            "1": {
                "precision": 0.9420289855072463,
                "recall": 0.9701492537313433,
                "f1-score": 0.9558823529411765,
                "support": 67.0
            },
            "accuracy": 0.9714285714285714,
            "macro avg": {
                "precision": 0.9639222941720629,
                "recall": 0.9710886128796576,
                "f1-score": 0.9673777961888981,
                "support": 210.0
            },
            "weighted avg": {
                "precision": 0.9718455868317107,
                "recall": 0.9714285714285714,
                "f1-score": 0.9715380518404545,
                "support": 210.0
            }
        }
    },
    "XGBoost": {
        "Accuracy": 0.9571428571428572,
        "Recall": 0.9402985074626866,
        "Precision": 0.9264705882352942,
        "F1 Score": 0.9333333333333333,
        "Classification Report": {
            "0": {
                "precision": 0.971830985915493,
                "recall": 0.965034965034965,
                "f1-score": 0.968421052631579,
                "support": 143.0
            },
            "1": {
                "precision": 0.9264705882352942,
                "recall": 0.9402985074626866,
                "f1-score": 0.9333333333333333,
                "support": 67.0
            },
            "accuracy": 0.9571428571428572,
            "macro avg": {
                "precision": 0.9491507870753936,
                "recall": 0.9526667362488258,
                "f1-score": 0.9508771929824562,
                "support": 210.0
            },
            "weighted avg": {
                "precision": 0.9573588590365725,
                "recall": 0.9571428571428572,
                "f1-score": 0.9572263993316625,
                "support": 210.0
            }
        }
    },
    "RandomForest": {
        "Accuracy": 0.9714285714285714,
        "Recall": 0.9701492537313433,
        "Precision": 0.9420289855072463,
        "F1 Score": 0.9558823529411765,
        "Classification Report": {
            "0": {
                "precision": 0.9858156028368794,
                "recall": 0.972027972027972,
                "f1-score": 0.9788732394366197,
                "support": 143.0
            },
            "1": {
                "precision": 0.9420289855072463,
                "recall": 0.9701492537313433,
                "f1-score": 0.9558823529411765,
                "support": 67.0
            },
            "accuracy": 0.9714285714285714,
            "macro avg": {
                "precision": 0.9639222941720629,
                "recall": 0.9710886128796576,
                "f1-score": 0.9673777961888981,
                "support": 210.0
            },
            "weighted avg": {
                "precision": 0.9718455868317107,
                "recall": 0.9714285714285714,
                "f1-score": 0.9715380518404545,
                "support": 210.0
            }
        }
    },
    "LightGBM": {
        "Accuracy": 0.9666666666666667,
        "Recall": 0.9552238805970149,
        "Precision": 0.9411764705882353,
        "F1 Score": 0.9481481481481482,
        "Classification Report": {
            "0": {
                "precision": 0.9788732394366197,
                "recall": 0.972027972027972,
                "f1-score": 0.9754385964912281,
                "support": 143.0
            },
            "1": {
                "precision": 0.9411764705882353,
                "recall": 0.9552238805970149,
                "f1-score": 0.9481481481481482,
                "support": 67.0
            },
            "accuracy": 0.9666666666666667,
            "macro avg": {
                "precision": 0.9600248550124275,
                "recall": 0.9636259263124934,
                "f1-score": 0.9617933723196881,
                "support": 210.0
            },
            "weighted avg": {
                "precision": 0.9668461750897543,
                "recall": 0.9666666666666667,
                "f1-score": 0.9667316439246264,
                "support": 210.0
            }
        }
    },
    "ExtraTrees": {
        "Accuracy": 0.9809523809523809,
        "Recall": 1.0,
        "Precision": 0.9436619718309859,
        "F1 Score": 0.9710144927536232,
        "Classification Report": {
            "0": {
                "precision": 1.0,
                "recall": 0.972027972027972,
                "f1-score": 0.9858156028368794,
                "support": 143.0
            },
            "1": {
                "precision": 0.9436619718309859,
                "recall": 1.0,
                "f1-score": 0.9710144927536232,
                "support": 67.0
            },
            "accuracy": 0.9809523809523809,
            "macro avg": {
                "precision": 0.971830985915493,
                "recall": 0.986013986013986,
                "f1-score": 0.9784150477952513,
                "support": 210.0
            },
            "weighted avg": {
                "precision": 0.9820254862508384,
                "recall": 0.9809523809523809,
                "f1-score": 0.9810933439055548,
                "support": 210.0
            }
        }
    },
    "GradientBoosting": {
        "Accuracy": 0.9666666666666667,
        "Recall": 0.9701492537313433,
        "Precision": 0.9285714285714286,