{
    "CART": {
        "Accuracy": 0.9619047619047619,
        "Recall": 0.9402985074626866,
        "Precision": 0.9402985074626866,
        "F1 Score": 0.9402985074626866,
        "Classification Report": {
            "0": {
                "precision": 0.972027972027972,
                "recall": 0.972027972027972,
                "f1-score": 0.972027972027972,
                "support": 143.0
            },
            "1": {
                "precision": 0.9402985074626866,
                "recall": 0.9402985074626866,
                "f1-score": 0.9402985074626866,
                "support": 67.0
            },
            "accuracy": 0.9619047619047619,
            "macro avg": {
                "precision": 0.9561632397453292,
                "recall": 0.9561632397453292,
                "f1-score": 0.9561632397453292,
                "support": 210.0
            },
            "weighted avg": {
                "precision": 0.9619047619047619,
                "recall": 0.9619047619047619,
                "f1-score": 0.9619047619047619,
                "support": 210.0
            }
        }
    },
    "C4.5": {
        "Accuracy": 0.9619047619047619,
        "Recall": 0.9402985074626866,
        "Precision": 0.9402985074626866,
        "F1 Score": 0.9402985074626866,
        "Classification Report": {
            "0": {
                "precision": 0.972027972027972,
                "recall": 0.972027972027972,
                "f1-score": 0.972027972027972,
                "support": 143.0
            },
            "1": {
                "precision": 0.9402985074626866,
                "recall": 0.9402985074626866,
                "f1-score": 0.9402985074626866,
                "support": 67.0
            },
            "accuracy": 0.9619047619047619,
            "macro avg": {
                "precision": 0.9561632397453292,
                "recall": 0.9561632397453292,
                "f1-score": 0.9561632397453292,
                "support": 210.0
            },
            "weighted avg": {
                "precision": 0.9619047619047619,
                "recall": 0.9619047619047619,
                "f1-score": 0.9619047619047619,
                "support": 210.0
            }
        }
    },
    "AdaBoost": {
        "Accuracy": 0.9523809523809523,
        "Recall": 0.8955223880597015,
        "Precision": 0.9523809523809523,
        "F1 Score": 0.9230769230769231,
        "Classification Report": {
            "0": {
                "precision": 0.9523809523809523,
                "recall": 0.9790209790209791,
                "f1-score": 0.9655172413793104,
                "support": 143.0
            },
            "1": {
                "precision": 0.9523809523809523,
                "recall": 0.8955223880597015,
                "f1-score": 0.9230769230769231,
                "support": 67.0
            },
            "accuracy": 0.9523809523809523,
            "macro avg": {
                "precision": 0.9523809523809523,
                "recall": 0.9372716835403403,
                "f1-score": 0.9442970822281167,
                "support": 210.0
            },
            "weighted avg": {
                "precision": 0.9523809523809522,
                "recall": 0.9523809523809523,
                "f1-score": 0.9519767588733107,
                "support": 210.0
            }
        }
    },
    "XGBoost": {
        "Accuracy": 0.9571428571428572,
        "Recall": 0.9104477611940298,
        "Precision": 0.953125,
        "F1 Score": 0.9312977099236641,
        "Classification Report": {
            "0": {
                "precision": 0.958904109589041,
                "recall": 0.9790209790209791,
                "f1-score": 0.9688581314878892,
                "support": 143.0
            },
            "1": {
                "precision": 0.953125,
                "recall": 0.9104477611940298,
                "f1-score": 0.9312977099236641,
                "support": 67.0
            },
            "accuracy": 0.9571428571428572,
            "macro avg": {
                "precision": 0.9560145547945205,
                "recall": 0.9447343701075044,
                "f1-score": 0.9500779207057767,
                "support": 210.0
            },
            "weighted avg": {
                "precision": 0.9570602984344423,
                "recall": 0.9571428571428572,
                "f1-score": 0.9568745684173984,
                "support": 210.0
            }
        }
    },
    "RandomForest": {
        "Accuracy": 0.9666666666666667,
        "Recall": 0.9402985074626866,
        "Precision": 0.9545454545454546,
        "F1 Score": 0.9473684210526315,
        "Classification Report": {
            "0": {
                "precision": 0.9722222222222222,
                "recall": 0.9790209790209791,
                "f1-score": 0.975609756097561,
                "support": 143.0
            },
            "1": {
                "precision": 0.9545454545454546,
                "recall": 0.9402985074626866,
                "f1-score": 0.9473684210526315,
                "support": 67.0
            },
            "accuracy": 0.9666666666666667,
            "macro avg": {
                "precision": 0.9633838383838385,
                "recall": 0.9596597432418328,
                "f1-score": 0.9614890885750962,
                "support": 210.0
            },
            "weighted avg": {
                "precision": 0.9665824915824917,
                "recall": 0.9666666666666667,
                "f1-score": 0.96659942539275,
                "support": 210.0
            }
        }
    },
    "LightGBM": {
        "Accuracy": 0.9619047619047619,
        "Recall": 0.9253731343283582,
        "Precision": 0.9538461538461539,
        "F1 Score": 0.9393939393939394,
        "Classification Report": {
            "0": {
                "precision": 0.9655172413793104,
                "recall": 0.9790209790209791,
                "f1-score": 0.9722222222222222,
                "support": 143.0
            },
            "1": {
                "precision": 0.9538461538461539,
                "recall": 0.9253731343283582,
                "f1-score": 0.9393939393939394,
                "support": 67.0
            },
            "accuracy": 0.9619047619047619,
            "macro avg": {
                "precision": 0.9596816976127321,
                "recall": 0.9521970566746687,
                "f1-score": 0.9558080808080809,
                "support": 210.0
            },
            "weighted avg": {
                "precision": 0.9617936086901605,
                "recall": 0.9619047619047619,
                "f1-score": 0.9617484367484367,
                "support": 210.0
            }
        }
    },
    "ExtraTrees": {
        "Accuracy": 0.9714285714285714,
        "Recall": 0.9552238805970149,
        "Precision": 0.9552238805970149,
        "F1 Score": 0.9552238805970149,
        "Classification Report": {
            "0": {
                "precision": 0.9790209790209791,
                "recall": 0.9790209790209791,
                "f1-score": 0.9790209790209791,
                "support": 143.0
            },
            "1": {
                "precision": 0.9552238805970149,
                "recall": 0.9552238805970149,
                "f1-score": 0.9552238805970149,
                "support": 67.0
            },
            "accuracy": 0.9714285714285714,
            "macro avg": {
                "precision": 0.967122429808997,
                "recall": 0.967122429808997,
                "f1-score": 0.967122429808997,
                "support": 210.0
            },
            "weighted avg": {
                "precision": 0.9714285714285714,
                "recall": 0.9714285714285714,
                "f1-score": 0.9714285714285714,
                "support": 210.0
            }
        }
    },
    "GradientBoosting": {
        "Accuracy": 0.9619047619047619,
        "Recall": 0.9402985074626866,