{
    "CART": {
        "Accuracy": 0.9476190476190476,
        "Recall": 0.9305555555555556,
        "Precision": 0.9178082191780822,
        "F1 Score": 0.9241379310344827,
        "Classification Report": {
            "0": {
                "precision": 0.9635036496350365,
                "recall": 0.9565217391304348,
                "f1-score": 0.96,
                "support": 138.0
            },
            "1": {
                "precision": 0.9178082191780822,
                "recall": 0.9305555555555556,
                "f1-score": 0.9241379310344827,
                "support": 72.0
            },
            "accuracy": 0.9476190476190476,
            "macro avg": {
                "precision": 0.9406559344065594,
                "recall": 0.9435386473429952,
                "f1-score": 0.9420689655172414,
                "support": 210.0
            },
            "weighted avg": {
                "precision": 0.9478366449069379,
                "recall": 0.9476190476190476,
                "f1-score": 0.9477044334975369,
                "support": 210.0
            }
        }
    },
    "C4.5": {
        "Accuracy": 0.9523809523809523,
        "Recall": 0.9444444444444444,
        "Precision": 0.918918918918919,
        "F1 Score": 0.9315068493150684,
        "Classification Report": {
            "0": {
                "precision": 0.9705882352941176,
                "recall": 0.9565217391304348,
                "f1-score": 0.9635036496350365,
                "support": 138.0
            },
            "1": {
                "precision": 0.918918918918919,
                "recall": 0.9444444444444444,
                "f1-score": 0.9315068493150684,
                "support": 72.0
            },
            "accuracy": 0.9523809523809523,
            "macro avg": {
                "precision": 0.9447535771065183,
                "recall": 0.9504830917874396,
                "f1-score": 0.9475052494750524,
                "support": 210.0
            },
            "weighted avg": {
                "precision": 0.9528730411083353,
                "recall": 0.9523809523809523,
                "f1-score": 0.9525333180967618,
                "support": 210.0
            }
        }
    },
    "AdaBoost": {
        "Accuracy": 0.9571428571428572,
        "Recall": 0.9444444444444444,
        "Precision": 0.9315068493150684,
        "F1 Score": 0.9379310344827586,
        "Classification Report": {
            "0": {
                "precision": 0.9708029197080292,
                "recall": 0.9637681159420289,
                "f1-score": 0.9672727272727273,
                "support": 138.0
            },
            "1": {
                "precision": 0.9315068493150684,
                "recall": 0.9444444444444444,
                "f1-score": 0.9379310344827586,
                "support": 72.0
            },
            "accuracy": 0.9571428571428572,
            "macro avg": {
                "precision": 0.9511548845115488,
                "recall": 0.9541062801932367,
                "f1-score": 0.952601880877743,
                "support": 210.0
            },
            "weighted avg": {
                "precision": 0.9573299812875855,
                "recall": 0.9571428571428572,
                "f1-score": 0.9572127183161667,
                "support": 210.0
            }
        }
    },
    "XGBoost": {
        "Accuracy": 0.9571428571428572,
        "Recall": 0.9722222222222222,
        "Precision": 0.9090909090909091,
        "F1 Score": 0.9395973154362416,
        "Classification Report": {
            "0": {
                "precision": 0.9849624060150376,
                "recall": 0.9492753623188406,
                "f1-score": 0.966789667896679,
                "support": 138.0
            },
            "1": {
                "precision": 0.9090909090909091,
                "recall": 0.9722222222222222,
                "f1-score": 0.9395973154362416,
                "support": 72.0
            },
            "accuracy": 0.9571428571428572,
            "macro avg": {
                "precision": 0.9470266575529733,
                "recall": 0.9607487922705313,
                "f1-score": 0.9531934916664603,
                "support": 210.0
            },
            "weighted avg": {
                "precision": 0.9589493213553364,
                "recall": 0.9571428571428572,
                "f1-score": 0.9574665756245291,
                "support": 210.0
            }
        }
    },
    "RandomForest": {
        "Accuracy": 0.9666666666666667,
        "Recall": 0.9861111111111112,
        "Precision": 0.922077922077922,
        "F1 Score": 0.9530201342281879,
        "Classification Report": {
            "0": {
                "precision": 0.9924812030075187,
                "recall": 0.9565217391304348,
                "f1-score": 0.974169741697417,
                "support": 138.0
            },
            "1": {
                "precision": 0.922077922077922,
                "recall": 0.9861111111111112,
                "f1-score": 0.9530201342281879,
                "support": 72.0
            },
            "accuracy": 0.9666666666666667,
            "macro avg": {
                "precision": 0.9572795625427204,
                "recall": 0.971316425120773,
                "f1-score": 0.9635949379628024,
                "support": 210.0
            },
            "weighted avg": {
                "precision": 0.9683429352602283,
                "recall": 0.9666666666666667,
                "f1-score": 0.966918447707967,
                "support": 210.0
            }
        }
    },
    "LightGBM": {
        "Accuracy": 0.9428571428571428,
        "Recall": 0.9305555555555556,
        "Precision": 0.9054054054054054,
        "F1 Score": 0.9178082191780822,
        "Classification Report": {
            "0": {
                "precision": 0.9632352941176471,
                "recall": 0.9492753623188406,
                "f1-score": 0.9562043795620438,
                "support": 138.0
            },
            "1": {
                "precision": 0.9054054054054054,
                "recall": 0.9305555555555556,
                "f1-score": 0.9178082191780822,
                "support": 72.0
            },
            "accuracy": 0.9428571428571428,
            "macro avg": {
                "precision": 0.9343203497615262,
                "recall": 0.9399154589371981,
                "f1-score": 0.937006299370063,
                "support": 210.0
            },
            "weighted avg": {
                "precision": 0.9434079037020214,
                "recall": 0.9428571428571428,
                "f1-score": 0.9430399817161141,
                "support": 210.0
            }
        }
    },
    "ExtraTrees": {
        "Accuracy": 0.9571428571428572,
        "Recall": 0.9722222222222222,
        "Precision": 0.9090909090909091,
        "F1 Score": 0.9395973154362416,
        "Classification Report": {
            "0": {
                "precision": 0.9849624060150376,
                "recall": 0.9492753623188406,
                "f1-score": 0.966789667896679,
                "support": 138.0
            },
            "1": {
                "precision": 0.9090909090909091,
                "recall": 0.9722222222222222,
                "f1-score": 0.9395973154362416,
                "support": 72.0
            },
            "accuracy": 0.9571428571428572,
            "macro avg": {
                "precision": 0.9470266575529733,
                "recall": 0.9607487922705313,
                "f1-score": 0.9531934916664603,
                "support": 210.0
            },
            "weighted avg": {
                "precision": 0.9589493213553364,
                "recall": 0.9571428571428572,
                "f1-score": 0.9574665756245291,
                "support": 210.0
            }
        }
    },
    "GradientBoosting": {
        "Accuracy": 0.9428571428571428,
        "Recall": 0.9305555555555556,