{
    "CART": {
        "Accuracy": 0.9428571428571428,
        "Recall": 0.9166666666666666,
        "Precision": 0.9166666666666666,
        "F1 Score": 0.9166666666666666,
        "Classification Report": {
            "0": {
                "precision": 0.9565217391304348,
                "recall": 0.9565217391304348,
                "f1-score": 0.9565217391304348,
                "support": 138.0
            },
            "1": {
                "precision": 0.9166666666666666,
                "recall": 0.9166666666666666,
                "f1-score": 0.9166666666666666,
                "support": 72.0
            },
            "accuracy": 0.9428571428571428,
            "macro avg": {
                "precision": 0.9365942028985508,
                "recall": 0.9365942028985508,
                "f1-score": 0.9365942028985508,
                "support": 210.0
            },
            "weighted avg": {
                "precision": 0.9428571428571428,
                "recall": 0.9428571428571428,
                "f1-score": 0.9428571428571428,
                "support": 210.0
            }
        }
    },
    "C4.5": {
        "Accuracy": 0.9380952380952381,
        "Recall": 0.9166666666666666,
        "Precision": 0.9041095890410958,
        "F1 Score": 0.9103448275862069,
        "Classification Report": {
            "0": {
                "precision": 0.9562043795620438,
                "recall": 0.9492753623188406,
                "f1-score": 0.9527272727272728,
                "support": 138.0
            },
            "1": {
                "precision": 0.9041095890410958,
                "recall": 0.9166666666666666,
                "f1-score": 0.9103448275862069,
                "support": 72.0
            },
            "accuracy": 0.9380952380952381,
            "macro avg": {
                "precision": 0.9301569843015698,
                "recall": 0.9329710144927537,
                "f1-score": 0.9315360501567398,
                "support": 210.0
            },
            "weighted avg": {
                "precision": 0.9383433085262902,
                "recall": 0.9380952380952381,
                "f1-score": 0.9381961486789073,
                "support": 210.0
            }
        }
    },
    "AdaBoost": {
        "Accuracy": 0.9476190476190476,
        "Recall": 0.9166666666666666,
        "Precision": 0.9295774647887324,
        "F1 Score": 0.9230769230769231,
        "Classification Report": {
            "0": {
                "precision": 0.9568345323741008,
                "recall": 0.9637681159420289,
                "f1-score": 0.9602888086642599,
                "support": 138.0
            },
            "1": {
                "precision": 0.9295774647887324,
                "recall": 0.9166666666666666,
                "f1-score": 0.9230769230769231,
                "support": 72.0
            },
            "accuracy": 0.9476190476190476,
            "macro avg": {
                "precision": 0.9432059985814165,
                "recall": 0.9402173913043478,
                "f1-score": 0.9416828658705916,
                "support": 210.0
            },
            "weighted avg": {
                "precision": 0.9474892520591173,
                "recall": 0.9476190476190476,
                "f1-score": 0.9475304478914587,
                "support": 210.0
            }
        }
    },
    "XGBoost": {
        "Accuracy": 0.9571428571428572,
        "Recall": 0.9583333333333334,
        "Precision": 0.92,
        "F1 Score": 0.9387755102040817,
        "Classification Report": {
            "0": {
                "precision": 0.9777777777777777,
                "recall": 0.9565217391304348,
                "f1-score": 0.967032967032967,
                "support": 138.0
            },
            "1": {
                "precision": 0.92,
                "recall": 0.9583333333333334,
                "f1-score": 0.9387755102040817,
                "support": 72.0
            },
            "accuracy": 0.9571428571428572,
            "macro avg": {
                "precision": 0.9488888888888889,
                "recall": 0.957427536231884,
                "f1-score": 0.9529042386185244,
                "support": 210.0
            },
            "weighted avg": {
                "precision": 0.957968253968254,
                "recall": 0.9571428571428572,
                "f1-score": 0.9573446961202065,
                "support": 210.0
            }
        }
    },
    "RandomForest": {
        "Accuracy": 0.9571428571428572,
        "Recall": 0.9444444444444444,
        "Precision": 0.9315068493150684,
        "F1 Score": 0.9379310344827586,
        "Classification Report": {
            "0": {
                "precision": 0.9708029197080292,
                "recall": 0.9637681159420289,
                "f1-score": 0.9672727272727273,
                "support": 138.0
            },
            "1": {
                "precision": 0.9315068493150684,
                "recall": 0.9444444444444444,
                "f1-score": 0.9379310344827586,
                "support": 72.0
            },
            "accuracy": 0.9571428571428572,
            "macro avg": {
                "precision": 0.9511548845115488,
                "recall": 0.9541062801932367,
                "f1-score": 0.952601880877743,
                "support": 210.0
            },
            "weighted avg": {
                "precision": 0.9573299812875855,
                "recall": 0.9571428571428572,
                "f1-score": 0.9572127183161667,
                "support": 210.0
            }
        }
    },
    "LightGBM": {
        "Accuracy": 0.9523809523809523,
        "Recall": 0.9305555555555556,
        "Precision": 0.9305555555555556,
        "F1 Score": 0.9305555555555556,
        "Classification Report": {
            "0": {
                "precision": 0.9637681159420289,
                "recall": 0.9637681159420289,
                "f1-score": 0.9637681159420289,
                "support": 138.0
            },
            "1": {
                "precision": 0.9305555555555556,
                "recall": 0.9305555555555556,
                "f1-score": 0.9305555555555556,
                "support": 72.0
            },
            "accuracy": 0.9523809523809523,
            "macro avg": {
                "precision": 0.9471618357487923,
                "recall": 0.9471618357487923,
                "f1-score": 0.9471618357487923,
                "support": 210.0
            },
            "weighted avg": {
                "precision": 0.9523809523809523,
                "recall": 0.9523809523809523,
                "f1-score": 0.9523809523809523,
                "support": 210.0
            }
        }
    },
    "ExtraTrees": {
        "Accuracy": 0.9571428571428572,
        "Recall": 0.9444444444444444,
        "Precision": 0.9315068493150684,
        "F1 Score": 0.9379310344827586,
        "Classification Report": {
            "0": {
                "precision": 0.9708029197080292,
                "recall": 0.9637681159420289,
                "f1-score": 0.9672727272727273,
                "support": 138.0
            },
            "1": {
                "precision": 0.9315068493150684,
                "recall": 0.9444444444444444,
                "f1-score": 0.9379310344827586,
                "support": 72.0
            },
            "accuracy": 0.9571428571428572,
            "macro avg": {
                "precision": 0.9511548845115488,
                "recall": 0.9541062801932367,
                "f1-score": 0.952601880877743,
                "support": 210.0
            },
            "weighted avg": {
                "precision": 0.9573299812875855,
                "recall": 0.9571428571428572,
                "f1-score": 0.9572127183161667,
                "support": 210.0
            }
        }
    },
    "GradientBoosting": {
        "Accuracy": 0.9571428571428572,
        "Recall": 0.9444444444444444,